Qty,Value,Device,Package,Parts,Description,BOM,CATEGORY,CONTACT-RESISTANCE,CREATED_BY,DATASHEET-URL,DIGIKEY_PART_NUMBER,IR,L,LABEL,MANUFACTURER,MPN,OPERATING_TEMP,PACKAGE,PACKAGING,PART-NUMBER,PART_STATUS,PINS,PITCH,RATING,ROHS_COMPLIANT,SERIES,SUB-CATEGORY,THERMALLOSS,TOLERANCE,TYPE,VALUE,VOLTAGE_RATING,WORKING-VOLTAGE
1,,JST_4PIN,JSTPH4,CN1,"JST 4-Pin Right-Angle Connector",,,,,,,,,,,,,,,,,,,,,,,,,,,,
2,10uF,C_CHIP-0603(1608-METRIC),CAPC1608X85,"C10, C11","Capacitor - Generic",,Capacitor,,,,,,,,,,,,,,,,,,,,,,,,,,
1,1N4148WS,1N4148WS,SOD-323,D1,"DIODE GEN PURP 75V 150MA SOD323F",,,,PCBLayout.com,,1N4148WSFSTR-ND,,,,"Diodes Incorporated",1N4148WS,,SOD-323,,,,,,,,,,,,,,,
4,1uF,C_CHIP-0603(1608-METRIC),CAPC1608X85,"C6, C7, C8, C9","Capacitor - Generic",,Capacitor,,,,,,,,,,,,,,,,,,,,,,,,,,
1,330-390-560K,R-US_CHIP-0603(1608-METRIC),RESC1608X60,R1,"Resistor Fixed - ANSI",,Resistor,,,,,,,,,,,,,,,,,,,,Fixed,,,,,,
3,4.7K,R-US_CHIP-0603(1608-METRIC),RESC1608X60,"R10, R11, R12","Resistor Fixed - ANSI",,Resistor,,,,,,,,,,,,,,,,,,,,Fixed,,,,,,
1,OR1,6871XX14522_68711414522,68711414522,OR1,"WR-FPC 0.50 mm SMT ZIF Horizontal Bottom Contact",,,20Ohm,,https://www.we-online.com/catalog/datasheet/68711414522.pdf,,0.5A,13.4mm,,,,,,"Tape and Reel"," 68711414522 ",," 14 ",0.5mm,,,,,,,Horizontal," 68711414522 ",,50V(AC)
1,OR2,6871XX14522_68711414522,68711414522,OR2,"WR-FPC 0.50 mm SMT ZIF Horizontal Bottom Contact",,,20Ohm,,https://www.we-online.com/catalog/datasheet/68711414522.pdf,,0.5A,13.4mm,,,,,,"Tape and Reel"," 68711414522 ",," 14 ",0.5mm,,,,,,,Horizontal," 68711414522 ",,50V(AC)
1,TESTPOINT_TPS-SMD-10SN,TESTPOINT_TPS-SMD-10SN,TESTPOINT_SMD-10SN,TP1,"TEST POINT PAD",EXCLUDE,,,,,,,,,,,,,,,,,,,,,,,,,,,
